version,repo,commit,date,build
latest,fds,3c9bca0bf9e30ecfcd65809a8bd41b74664261d4,1741367545,1
6.10.1,fds,12efa168d7c96257065a0a4dab3f68b3af8aa072,1741367545,1
6.10.0,fds,618ac072817cb4f287ea5b3d8360dda78339e3a1,1741367545,1
6.9.1,fds,889da6ae08d08dae680f7c0d8de66a3ad1c65375,1712523906,1
6.9.0,fds,63395692607884566fdedb5db4b5b4d98d3bcafb,1710957557,1
6.8.0,fds,886e0096535519b7358a3c4393c91da3caee5072,1681816000,1
6.7.9,fds,ec52dee4274fcf994d358c8b0f883eec8f67e041,1656268600,1
6.7.8,fds,fbf3e11eee06c89b85fcc936e592bcf27bb9827f,1653430065,1
6.7.7,fds,fe0d4ef38f955b2a298ac9124ea3d8f085704edd,1637273422,1
6.7.6,fds,5064c500c065b7abc5a34e0ae569a7ad7ec61ec8,1622132350,1
6.7.5,fds,71f02560677bb87dace8c81f2e5b817d24e70c46,1597954741,1
6.7.4,fds,bfaa110f1c29c157bf5f00143925c6501dd9c79a,1583507866,1
6.7.3,fds,9a07c366b6439f7c5b6d89a7b3d97f117b6eeaf2,1572460023,1
6.7.1,fds,14cc738f98632e4e7945d7e325f193180b021b8e,1549301185,1
6.7.0,fds,5ccea76d225537ef523709c97027cbf081f60108,1529946203,1
6.6.0,fds,88ae75a14dbfeef8d77bfcca1997878a14de5c8a,1509566609,1
6.5.3,fds,eb56ed1a8a2205333c5b98d636226159ba063d20,1484860379,1
6.5.2,fds-smv_deprecated,4e9103f2e61e60eb23eed8ad3397e8ac66e16216,1472070586,1
6.5.1,fds,55f6ca0c27069be3c5bf86eb87f3956c6a2136d5,1467767951,1
6.5.0,fds,6c74658c75c0747e328ff19d9900072b8c0c0293,1466630786,1
6.4.0,fds,8db4c3becd07a11a15fa8c07009436063a189ad0,1460042679,1
6.3.2,fds,ba707de13114420a990366fad2a01245415a5801,1447798481,1
6.3.1,fds,af41390329a99b2b1323b6558cccac651a9de41e,1447107952,1
6.3.0,fds,744fdc6fd77d6d8f0cdfd86bd25946876e3ec44c,1443669647,1
6.2.0,fds,a16945293f61e4de274c9bd714ceca40bb0a2028,1428761563,1
6.1.2,fds,ddeae0f36354082f258af54eb3cecbd7e65bd237,1411759630,1
5.5.3,fds,bf0a6a88f318803adb96edef5c547746fc77e4a5,1288364829,1
